Geography,Area,Area code,Year,theme,Housing stock,Housing density,Trailer space,Mooring place,Sheltered accommodations,Property: Housing corporation,Property: Owner-occupied,Property: Private rent,Property: % Housing corporation,Property: % Private rent,Property: % Owner-occupied,Living space 0-40 m2,Living space 40-60 m2,Living space 60-80 m2,Living space 80-100 m2,Living space 100 m2+,Living space not stated,Living space: % 0 - 40 m2,Living space: % 40- 60 m2,Living space: % 60- 80 m2,Living space: % 80- 100 m2,Living space: % 100 m2+,Living space: % unknown,Average number of residents,Cramped living,Cramped living (%),Cramped living children,Cramped living children (%),House too small (%),Residence too big (% 65+ years),Housing for the elderly,Housing for the elderly (%),Ground floor or elevator,Ground floor or elevator 75+,Ground floor or elevator (%75+),Average house-value for tax purposes,Rent: average,Rent: % rent below deduction limit,Rent: % rent below subsidy limit,Rent: % middle,Rent: % high,Rent: % social (corporation),Rent: % social (private sector),Rent: % commercial (corporation),Rent: % commercial (private sector),Rent ratio,Affordabilaty home,Satisfaction with home,Satisfaction with corporation home,Satisfaction with home (65+ years),Maintenance own home (1-10),Maintenance housing in neighbourhood  (1-10),Wish to move (%),Wish to move 65+ (%),Neighbourhood: Satisfaction with neighbourhood (1-10),Neighbourhood: pleasant to live (1-10),Neighbourhood: Expected development (1-10),Neighbourhood: % improved,Neighbourhood: % stayed the same,Neighbourhood: % deteriorated,Neighbourhood: feeling at home (1-10),Involvement neighbours (1-10),Rent: average in commercial sector
Wijken,Haarlemmerbuurt,AA,2021,Housing,5654,10558,4,135,38,2341,1556,1757,41.4,31.1,27.5,588,1637,1434,879,1082,34,10.4,29,25.4,15.5,19.1,0.6,1.62,344,6.8,212,23.8,16,2,73,1.3,45,284,55.2,553606,834,12,49,8,17,39,11,3,21,32,7,8,7.7,8.4,7.6,7.7,32,16,8.2,8,7.2,14,65,16,8.3,6.7,-
Wijken,Jordaan,AB,2021,Housing,13217,15870,1,113,6,4832,3236,5149,36.6,39,24.5,2503,4882,3024,1271,1463,74,18.9,36.9,22.9,9.6,11.1,0.6,1.47,961,8.2,487,30.6,15,2,140,1.1,28,455,44.4,492596,815,13,49,6,20,34,15,2,23,30,7,7.8,7.4,7.9,7.2,7.4,28,14,8.2,7.8,7,15,62,18,8.3,6.8,1414
Wijken,Grachtengordel-West,AC,2021,Housing,4316,9638,1,75,9,462,1656,2198,10.7,50.9,38.4,406,870,759,562,1675,44,9.4,20.2,17.6,13,38.8,1,1.47,192,5.8,64,13.5,5,5,-,-,33,130,42.7,871371,1202,8,21,10,30,11,10,-,40,-,8,8.3,-,8.5,7.6,7.9,21,13,8.4,8,7,13,64,19,8.4,6.6,-
Wijken,Burgwallen-Nieuwe Zijde,AD,2021,Housing,2972,5302,1,13,5,289,522,2161,9.7,72.7,17.6,550,859,651,393,442,77,18.5,28.9,21.9,13.2,14.9,2.6,1.35,219,9.4,47,27.3,11,-,-,-,25,32,34,488138,1074,14,30,14,36,7,23,3,47,33,7,7.6,7.8,8.3,7,7.2,36,-,7.2,7.5,6.6,26,47,18,7.7,5.7,1434
Wijken,Burgwallen-Oude Zijde,AE,2021,Housing,2974,8535,-,3,12,572,526,1876,19.2,63.1,17.7,437,946,608,375,539,69,14.7,31.8,20.4,12.6,18.1,2.3,1.52,216,9,54,23.7,17,-,2,0.1,22,37,30.5,488413,832,10,44,17,22,18,26,1,37,31,7,7.7,7.9,8.1,7,7.1,28,-,7.3,7.1,6.6,32,40,22,7.8,6.5,-
Wijken,Nieuwmarkt/Lastage,AF,2021,Housing,6239,8978,-,192,20,2489,1707,2043,39.9,32.7,27.4,572,1853,1465,1089,1056,204,9.2,29.7,23.5,17.5,16.9,3.3,1.54,286,5.3,175,22,10,2,163,2.6,40,262,48.1,536955,990,12,40,8,26,33,8,6,27,33,7,7.9,7.6,8.2,7.2,7.5,28,13,8.1,7.8,7.1,23,54,18,8.3,6.9,1541
Wijken,Grachtengordel-Zuid,AG,2021,Housing,3501,6735,-,80,6,184,1229,2088,5.3,59.6,35.1,338,684,677,526,1247,29,9.7,19.5,19.3,15,35.6,0.8,1.52,135,5,59,14,8,-,-,-,34,124,43.9,863499,-,7,22,15,24,5,17,-,38,-,8,8.4,-,8.7,7.8,8,19,-,8.4,7.9,7.5,29,52,14,8.5,6.7,-
Wijken,De Weteringschans,AH,2021,Housing,4665,8425,2,76,5,530,1621,2514,11.4,53.9,34.7,728,1307,936,532,1137,25,15.6,28,20.1,11.4,24.4,0.5,1.57,363,9.3,131,21.7,11,4,-,-,36,148,49.7,629289,1063,13,28,7,31,8,20,3,35,31,7,8.2,7.6,8.5,7.6,7.7,29,16,8.3,8,7.4,26,63,8,8.5,6.8,-
Wijken,Weesperbuurt/Plantage,AJ,2021,Housing,4306,5621,-,92,15,1250,1436,1620,29,37.6,33.3,558,1189,1156,433,944,26,13,27.6,26.8,10.1,21.9,0.6,1.68,261,6.9,116,20.1,12,-,3,0.1,38,171,55.8,582674,889,12,41,6,19,27,14,3,22,30,7,8,7.5,8.1,7.4,7.7,33,10,8.4,8,7.6,17,63,17,8.4,7,-
Wijken,Oostelijke Eilanden/Kadijken,AK,2021,Housing,7251,7372,1,159,8,4140,2147,964,57.1,13.3,29.6,950,1549,2104,1658,961,29,13.1,21.4,29,22.9,13.3,0.4,1.83,496,7.1,320,21.7,18,6,148,2,45,327,62,456783,686,9,57,4,9,51,6,7,7,28,7,7.8,7.5,8.1,7.4,7.3,30,12,7.9,7.7,7.5,20,61,14,8,6.7,-
Wijken,Havens-West,BA,2021,Housing,24,-,1,-,-,-,7,17,-,70.8,29.2,-,3,4,3,14,-,-,12.5,16.7,12.5,58.3,-,1.96,5,7.1,5,16.7,-,-,-,-,-,-,-,-,-,-,-,-,-,-,-,-,-,-,-,-,-,-,-,-,-,-,-,-,-,-,-,-,-,-,-
Wijken,Coenhaven/Minervahaven,BB,2021,Housing,6,-,5,34,-,-,5,5,-,83.3,16.7,-,2,3,-,1,-,-,33.3,50,-,16.7,-,14.83,-,-,-,-,-,-,-,-,-,-,-,-,-,-,-,-,-,-,-,-,-,-,-,-,-,-,-,-,-,-,-,-,-,-,-,-,-,-,-
Wijken,Sloterdijk-West,EA,2021,Housing,242,203,-,-,5,11,18,213,4.5,88,7.4,5,37,112,46,41,1,2.1,15.3,46.3,19,16.9,0.4,2.07,7,3.1,5,12.2,-,-,-,-,95,6,100,500152,-,-,-,-,-,-,-,-,-,-,-,-,-,-,-,-,-,-,-,-,-,-,-,-,-,-,-
Wijken,Spaarndammerbuurt/Zeeheldenbuurt,EB,2021,Housing,6109,4612,-,9,5,3743,1351,1015,61.3,16.6,22.1,667,2717,1340,927,435,23,10.9,44.5,21.9,15.2,7.1,0.4,1.74,590,10.1,427,33.4,20,3,173,2.8,28,193,52.2,384153,731,11,52,7,12,46,6,6,12,27,7,7.4,7.2,7.6,6.9,7.1,40,25,8,7.7,7.6,18,70,8,8.1,6.6,-
Wijken,Houthavens,EC,2021,Housing,1770,4545,1,65,-,206,987,577,11.6,32.6,55.8,63,220,308,356,822,1,3.6,12.4,17.4,20.1,46.4,0.1,2.08,34,2.2,20,4,-,-,-,-,88,48,55.4,674592,-,-,-,-,-,-,-,-,-,-,-,8.3,-,8.1,8.5,8.2,-,-,8,8.3,8.3,47,37,4,8.1,7.3,-
Wijken,De Kolenkit,ED,2021,Housing,5475,7767,-,1,5,3176,1039,1260,58,23,19,1249,1431,938,1154,703,-,22.8,26.1,17.1,21.1,12.8,-,2.01,800,15.6,594,40.7,24,-,222,4.1,64,270,80.6,330371,705,10,58,12,11,50,9,8,15,31,6,7.3,6.3,7.1,7.8,6.7,50,-,6.5,7,7.2,40,39,16,6.7,5.7,1048
Wijken,Landlust,EE,2021,Housing,9702,9492,3,20,5,4076,2700,2926,42,30.2,27.8,391,5827,2309,620,552,3,4,60.1,23.8,6.4,5.7,-,1.95,1534,16.5,1277,54.4,17,-,22,0.2,29,198,40.5,355009,715,15,54,5,13,41,14,-,18,27,7,7.3,6.5,7.5,7.1,6.8,44,25,7.3,7.1,7.5,29,51,13,7.4,6.1,1285
Wijken,Erasmuspark,EF,2021,Housing,3082,8524,-,-,5,431,1309,1342,14,43.5,42.5,86,2041,571,243,141,-,2.8,66.2,18.5,7.9,4.6,-,1.89,442,15,338,53.6,12,-,-,-,29,64,44.8,362680,-,9,28,8,21,14,14,4,26,-,7,7.7,-,-,7.1,7.1,31,-,7.5,7.7,7.8,26,58,9,7.6,6.4,-
Wijken,Centrale Markt,EG,2021,Housing,1246,2405,1,24,5,565,465,216,45.3,17.3,37.3,92,190,353,425,177,9,7.4,15.2,28.3,34.1,14.2,0.7,1.93,102,8.5,59,17,16,1,55,4.4,51,41,47.6,457759,773,10,46,7,14,34,12,4,17,31,7,8.2,8,-,7.9,7.3,24,16,8,-,7.1,-,-,-,8.2,6.8,-
Wijken,Staatsliedenbuurt,EH,2021,Housing,7823,16546,2,55,5,3631,2215,1977,46.4,25.3,28.3,1505,3073,1603,1127,491,24,19.2,39.3,20.5,14.4,6.3,0.3,1.64,865,11.7,482,33.6,15,5,117,1.5,30,192,52.8,396586,809,7,49,3,20,43,6,3,19,30,7,7.7,7.4,7.9,7.4,7.2,28,8,7.9,7.5,7.4,7,68,20,8.2,6.6,1400
Wijken,Frederik Hendrikbuurt,EJ,2021,Housing,5125,14340,1,20,79,1852,1532,1741,36.1,34,29.9,693,2391,1143,548,343,7,13.5,46.7,22.3,10.7,6.7,0.1,1.61,428,8.9,292,38,-,-,138,2.7,30,125,50.8,409510,-,-,-,-,-,-,-,-,-,-,-,7.7,7.2,8.1,7.1,7.2,-,-,7.9,7.5,7.5,26,62,10,8.2,6.4,-
Wijken,Van Galenbuurt,EK,2021,Housing,3220,11212,-,-,-,1577,691,952,49,29.6,21.5,66,2531,382,135,105,1,2,78.6,11.9,4.2,3.3,-,1.73,421,13.7,359,58.4,22,-,-,-,22,73,44.9,357373,711,13,59,5,15,47,13,2,18,29,7,7.2,6.8,7.4,6.7,6.7,39,-,7.4,7.1,7.3,25,56,15,7.6,6,-
Wijken,Geuzenbuurt,EL,2021,Housing,3694,13419,1,-,-,726,1218,1750,19.7,47.4,33,163,2056,949,281,240,5,4.4,55.7,25.7,7.6,6.5,0.1,1.83,463,13.2,363,50.9,18,-,-,-,27,78,39.9,419762,836,16,39,10,16,19,20,1,26,29,7,7.5,6.9,8,6.9,7,38,-,7.9,7.5,7.6,21,65,10,8,6.2,-
Wijken,Hoofdweg e.o.,EM,2021,Housing,5790,14514,-,-,5,2239,1257,2294,38.7,39.6,21.7,116,4352,746,343,231,2,2,75.2,12.9,5.9,4,-,1.78,792,14.4,653,56.5,16,-,41,0.7,26,146,46.3,365986,716,14,58,6,14,38,20,-,20,30,7,7.2,6.4,7.1,6.6,6.7,36,-,7.4,7.3,7.2,20,58,15,7.5,6,-
Wijken,Chassébuurt,EN,2021,Housing,2982,11753,-,-,5,1221,768,993,40.9,33.3,25.8,52,868,1424,321,317,-,1.7,29.1,47.8,10.8,10.6,-,2.04,361,12.6,313,37,10,-,-,-,28,69,43.4,440489,814,8,52,7,15,38,14,3,19,29,7,7.6,6.9,7.6,7,6.8,33,-,7.4,7.4,7.5,19,66,8,7.8,6.5,-
Wijken,Bellamybuurt,EP,2021,Housing,3823,15162,2,14,-,1377,888,1558,36,40.8,23.2,421,1739,967,382,308,6,11,45.5,25.3,10,8.1,0.2,1.64,388,11,212,35,15,-,-,-,25,56,36,431975,809,14,50,5,21,33,17,2,24,28,7,7.4,7.1,7.8,7,7.1,37,-,8,7.7,7.4,34,48,11,7.9,6.2,-
Wijken,Da Costabuurt,EQ,2021,Housing,2688,12430,1,69,24,598,821,1269,22.2,47.2,30.5,228,674,1133,353,296,4,8.5,25.1,42.2,13.1,11,0.1,1.73,198,8.1,132,31.7,15,-,6,0.2,24,79,47,498536,823,12,44,7,19,21,23,1,25,26,7,7.6,7.3,7.7,7,7.3,38,-,7.7,7.7,7.1,13,70,15,8.1,6.1,-
Wijken,Westindische Buurt,ER,2021,Housing,3632,11428,-,1,5,612,1116,1904,16.9,52.4,30.7,6,2033,1022,272,297,2,0.2,56,28.1,7.5,8.2,0.1,1.88,378,10.9,304,38.9,14,-,-,-,24,66,32.4,443995,861,13,38,9,23,16,22,1,31,29,7,7.5,-,-,7,7.2,37,-,7.7,7.7,7.6,16,64,13,8,6.7,-
Wijken,Van Lennepbuurt,ES,2021,Housing,4408,17668,1,51,63,2255,1007,1146,51.2,26,22.8,861,1732,1150,455,201,9,19.5,39.3,26.1,10.3,4.6,0.2,1.58,415,10,239,36.3,15,5,129,2.9,23,160,43.4,395312,730,19,58,5,14,49,8,2,17,26,7,7.5,7.5,7.9,7.1,7,40,16,7.9,7.7,7.4,18,58,18,8.1,6.3,-
Wijken,Overtoomse Sluis,ET,2021,Housing,4606,15520,2,18,18,928,1499,2179,20.1,47.3,32.5,330,2013,1146,526,574,17,7.2,43.7,24.9,11.4,12.5,0.4,1.72,404,9.4,257,33.2,15,5,57,1.2,27,76,40.4,504012,922,9,37,6,25,18,18,2,30,30,8,7.9,7.6,8,7.2,7.5,28,-,8.3,8,7.5,4,76,11,8.3,6.5,1413
Wijken,Helmersbuurt,EU,2021,Housing,4367,13158,1,13,5,1167,1422,1778,26.7,40.7,32.6,280,1482,1214,446,920,25,6.4,33.9,27.8,10.2,21.1,0.6,1.7,236,5.9,168,21.6,9,6,56,1.3,31,133,55.2,564370,891,8,33,12,20,23,11,2,30,31,7,7.8,7.5,8.1,7.1,7.6,26,8,8.3,7.7,7.4,11,65,19,8.2,6.7,1282
Wijken,Vondelparkbuurt,EV,2021,Housing,946,4366,1,-,6,153,370,423,16.2,44.7,39.1,48,178,155,119,435,11,5.1,18.8,16.4,12.6,46,1.2,1.87,40,5,32,16.7,-,-,31,3.3,42,66,66.7,973825,-,-,-,-,-,-,-,-,-,-,-,8.6,-,-,7.8,8,-,-,8.5,-,7.4,-,-,-,8.5,6.8,-
Wijken,Sloterdijk Nieuw-West,FA,2021,Housing,645,92,9,-,-,-,5,641,-,99.4,0.6,571,34,5,5,23,7,88.5,5.3,0.8,0.8,3.6,1.1,1.3,361,70.2,5,50,-,-,-,-,55,5,50,144449,-,-,-,-,-,-,-,-,-,-,-,4.4,-,-,5.9,6.3,-,-,5.6,-,7,-,-,-,4.7,4.3,-
Wijken,Geuzenveld,FB,2021,Housing,7209,2084,24,-,67,4303,1994,912,59.7,12.7,27.7,246,891,2602,1920,1546,4,3.4,12.4,36.1,26.6,21.4,0.1,2.6,1334,19.3,1262,39.9,-,-,293,4.1,78,598,-,315693,-,-,-,-,-,-,-,-,-,-,-,7.5,7,7.9,7.2,6.4,-,-,6.4,6.8,6.2,14,55,29,6.8,5.8,-
Wijken,Slotermeer-West,FC,2021,Housing,4551,5231,7,-,5,3211,923,417,70.6,9.2,20.3,235,1366,1737,916,296,1,5.2,30,38.2,20.1,6.5,-,2.39,1112,25.9,1014,56.5,-,-,90,2,55,304,-,259785,-,-,-,-,-,-,-,-,-,-,-,6.6,5.8,7.4,6.1,5.5,-,-,6.2,6.3,6.2,15,51,30,6.8,5.7,-
Wijken,Slotermeer-Noordoost,FD,2021,Housing,4145,4350,-,-,5,2660,1112,373,64.2,9,26.8,281,1930,1188,446,297,3,6.8,46.6,28.7,10.8,7.2,0.1,2.21,964,25,819,58,25,-,64,1.5,49,226,71.1,265376,627,9,58,10,4,55,3,9,6,29,6,7,6.2,7.9,6.7,6,49,-,6.6,6.4,6.7,18,57,21,6.9,6,-
Wijken,Slotermeer-Zuidoost,FE,2021,Housing,3487,2545,10,5,5,2049,938,500,58.8,14.3,26.9,439,1315,1192,210,331,-,12.6,37.7,34.2,6,9.5,-,1.97,557,16.6,450,49.2,-,-,60,1.7,61,230,-,271473,-,-,-,-,-,-,-,-,-,-,-,7.3,6,7.6,6.9,6.3,-,-,6.9,6.7,6.7,14,62,20,7,6.3,-
Wijken,Lutkemeer/Ookmeer,FF,2021,Housing,309,60,52,-,-,14,205,90,4.5,29.1,66.3,2,16,37,30,218,6,0.6,5.2,12,9.7,70.6,1.9,3.84,9,3.3,6,6.1,-,-,-,-,93,27,75.7,623254,-,-,-,-,-,-,-,-,-,-,-,-,-,-,-,-,-,-,-,-,-,-,-,-,-,-,-
Wijken,De Aker,FG,2021,Housing,5393,3640,11,36,-,1583,2946,864,29.4,16,54.6,10,52,1070,1520,2738,3,0.2,1,19.8,28.2,50.8,0.1,2.65,387,7.4,372,14.3,2,11,31,0.6,94,494,92.2,425578,826,-,25,9,10,24,1,4,15,28,7,8.2,7.7,8.2,7.9,7.2,22,13,7.1,7.1,6.2,6,63,28,7.4,6.3,-
Wijken,De Punt,FH,2021,Housing,2637,4595,-,-,5,970,1102,565,36.8,21.4,41.8,199,732,696,654,353,3,7.5,27.8,26.4,24.8,13.4,0.1,2.33,428,17.1,345,39,16,-,249,9.4,90,288,91.1,254013,-,3,51,3,-,37,14,-,3,-,6,7.1,6.9,7.2,6.8,6,42,-,6.1,6.4,5.8,15,41,36,6.5,5.2,-
Wijken,Osdorp-Midden,FJ,2021,Housing,6495,6263,-,-,102,3853,1740,902,59.3,13.9,26.8,170,713,2205,2000,1384,23,2.6,11,33.9,30.8,21.3,0.4,2.36,900,14.7,833,33.5,12,4,457,7,73,625,79.4,300223,734,3,54,8,11,51,3,7,11,33,7,7.3,6.8,7.8,7,6.6,32,11,6.4,6.3,6.2,12,46,36,6.6,5.5,-
Wijken,Osdorp-Oost,FK,2021,Housing,8356,5317,2,-,11,4553,2258,1545,54.5,18.5,27,300,2094,2932,1801,1201,28,3.6,25.1,35.1,21.6,14.4,0.3,2.05,995,12.4,909,39.7,12,5,519,6.2,75,1070,84.7,279057,679,5,58,7,8,52,6,2,12,29,6,7.5,6.9,8,7.4,6.6,37,19,6.5,6.9,6.5,23,49,26,6.9,5.8,-
Wijken,Slotervaart-Noord,FL,2021,Housing,3432,3047,14,-,9,1516,1093,823,44.2,24,31.8,151,563,1168,779,769,2,4.4,16.4,34,22.7,22.4,0.1,2.35,489,14.7,426,33.6,10,1,199,5.8,65,381,88.9,356382,639,7,57,9,1,41,16,3,7,-,7,7.7,7.6,8.4,7.2,6.9,30,8,7.4,7.2,7.1,13,66,18,7.8,6.7,-
Wijken,Overtoomse Veld,FM,2021,Housing,6058,4179,-,-,17,2304,1180,2574,38,42.5,19.5,665,1116,1650,1493,1124,10,11,18.4,27.2,24.6,18.6,0.2,2.36,750,13.1,658,36.3,13,-,123,2,75,322,84.3,332383,863,6,37,21,21,27,10,11,31,32,7,7.6,7.1,7.8,7.7,6.3,41,-,6.5,7,7.1,25,54,14,6.8,5.8,1103
Wijken,Slotervaart-Zuid,FN,2021,Housing,5059,4066,-,-,126,3487,932,640,68.9,12.7,18.4,586,816,1787,1028,722,120,11.6,16.1,35.3,20.3,14.3,2.4,2.12,583,12.4,485,33.2,10,6,276,5.5,66,451,80.4,323200,668,10,67,9,6,60,6,8,7,29,7,7.6,7.6,7.9,7.3,6.7,34,23,6.9,6.9,6.8,19,56,17,7.1,5.9,-
Wijken,Westlandgracht,FP,2021,Housing,6899,4945,4,-,5,2241,1074,3584,32.5,51.9,15.6,2106,1012,1516,1499,760,6,30.5,14.7,22,21.7,11,0.1,1.64,569,8.9,242,23.9,18,-,142,2.1,81,233,81.8,304054,825,19,48,15,22,32,16,1,36,31,7,7.4,7,7.8,7.5,6.9,53,-,6.7,6.6,7.2,17,53,19,6.6,5.6,1183
Wijken,Sloten/Nieuw-Sloten,FQ,2021,Housing,5742,1253,24,72,32,1120,3029,1593,19.5,27.7,52.8,74,88,555,2510,2504,11,1.3,1.5,9.7,43.7,43.6,0.2,2.45,292,5.2,258,11.2,6,13,-,-,92,627,93,426745,932,1,15,18,15,12,2,7,25,29,7,8.3,8.2,8.5,7.9,7.5,27,15,7.9,7.6,7.1,9,65,20,8.1,6.9,1082
Wijken,Hoofddorppleinbuurt,KA,2021,Housing,6540,7719,-,44,5,817,2338,3385,12.5,51.8,35.7,183,3812,1370,426,748,1,2.8,58.3,20.9,6.5,11.4,-,1.8,576,9.3,475,36.8,14,-,-,-,31,161,39.9,447002,818,13,42,6,17,12,29,-,22,29,7,7.5,7.2,7.4,6.9,7.3,35,-,8.3,7.7,7.7,15,62,20,8.2,6.7,1359
Wijken,Schinkelbuurt,KB,2021,Housing,2411,8226,1,-,5,785,589,1037,32.6,43,24.4,102,1279,601,225,201,3,4.2,53,24.9,9.3,8.3,0.1,1.64,178,7.9,128,35.5,20,-,-,-,23,54,40.3,445304,774,10,45,15,17,32,13,1,31,32,8,7.5,7,7.6,7.2,7.2,37,-,8,7.9,7.4,16,64,14,8.1,6.5,-
Wijken,Willemspark,KC,2021,Housing,2681,4213,-,-,7,261,1228,1192,9.7,44.5,45.8,42,169,677,335,1457,1,1.6,6.3,25.3,12.5,54.3,-,2.08,71,3,51,6,5,-,2,0.1,40,127,59.2,1064407,1349,6,26,4,22,8,18,1,25,-,8,8.1,-,8,7.4,7.9,27,-,8.3,8.1,7.6,10,68,18,8.3,6.6,-
Wijken,Museumkwartier,KD,2021,Housing,6882,5265,4,3,15,282,2537,4063,4.1,59,36.9,372,784,1185,1032,3494,15,5.4,11.4,17.2,15,50.8,0.2,1.82,165,2.8,101,6.7,9,5,1,-,39,457,52.1,1011630,1051,11,25,15,22,4,21,-,38,30,8,8.4,-,8.6,7.7,8,26,13,8.4,7.9,7.4,13,64,20,8.3,6.7,1424
Wijken,Oude Pijp,KE,2021,Housing,9456,15135,-,31,5,2473,2157,4826,26.2,51,22.8,1716,3291,2421,942,1078,8,18.1,34.8,25.6,10,11.4,0.1,1.54,740,8.7,327,27.4,17,-,14,0.1,21,155,39.5,464486,894,17,47,5,26,24,23,2,29,31,7,7.6,7.3,8,7,7,38,15,7.9,7.8,6.8,18,58,17,8.1,6.3,1495
Wijken,Nieuwe Pijp,KF,2021,Housing,7801,15209,1,21,6,2344,1949,3508,30,45,25,882,3643,1894,754,610,18,11.3,46.7,24.3,9.7,7.8,0.2,1.58,624,8.7,378,34.1,13,-,4,0.1,25,274,47.5,436486,779,23,50,7,19,29,20,1,25,31,7,7.5,7.4,7.7,6.8,7,36,21,7.9,7.7,7,16,65,15,8,6.2,1403
Wijken,Zuid Pijp,KG,2021,Housing,4624,13109,-,27,5,3201,619,804,69.2,17.4,13.4,115,2397,1571,398,141,2,2.5,51.8,34,8.6,3,-,1.74,503,11.3,431,42,18,5,10,0.2,28,187,43.3,414234,622,23,71,7,8,65,6,4,11,26,7,7.2,7.1,7.4,6.7,6.9,35,24,7.5,7.5,7,15,62,17,7.7,6.2,-
Wijken,Stadionbuurt,KH,2021,Housing,6569,6942,1,151,5,3152,1055,2362,48,36,16.1,90,2694,2255,822,707,1,1.4,41,34.3,12.5,10.8,-,1.8,498,8,431,28.6,13,4,26,0.4,37,333,52.6,471649,897,10,53,7,24,43,10,5,26,29,7,7.5,7.2,7.7,7.2,7.4,35,21,8.1,7.7,7.6,16,63,18,8,6.4,1526
Wijken,Apollobuurt,KJ,2021,Housing,3910,4430,1,-,5,63,2019,1828,1.6,46.8,51.6,53,77,218,372,3187,3,1.4,2,5.6,9.5,81.5,0.1,2.17,34,1,22,1.6,6,21,63,1.6,53,366,62.7,1194758,1664,-,8,3,37,2,6,-,40,-,8,8.3,-,8.4,7.8,8,28,27,8.5,8,7.8,9,74,13,8.5,6.7,-
Wijken,Scheldebuurt,KK,2021,Housing,7854,7955,-,-,72,1282,2163,4409,16.3,56.1,27.5,372,851,2666,2325,1631,9,4.7,10.8,33.9,29.6,20.8,0.1,1.89,376,5.2,313,16.8,9,10,179,2.3,35,430,47.2,565092,1019,5,28,18,25,14,13,2,41,31,7,7.7,6.8,7.9,6.8,7.4,34,19,8.3,7.9,7.6,13,64,19,8.2,6.6,1305
Wijken,IJselbuurt,KL,2021,Housing,3014,11783,-,7,-,1319,471,1224,43.8,40.6,15.6,36,949,1577,254,195,3,1.2,31.5,52.3,8.4,6.5,0.1,1.73,253,8.9,191,34.1,16,-,-,-,27,105,42.8,427979,869,10,54,9,22,36,18,8,24,32,7,7.3,6.9,7.9,6.4,6.7,32,-,7.7,7.4,6.9,10,63,23,7.7,6.3,-
Wijken,Rijnbuurt,KM,2021,Housing,5296,5527,-,69,5,2028,1071,2197,38.3,41.5,20.2,42,3175,1133,560,385,1,0.8,60,21.4,10.6,7.3,-,1.71,421,8.4,332,35.1,13,1,-,-,29,213,43.6,425773,746,9,60,5,15,37,23,1,19,27,7,7.4,7.1,7.5,6.6,7,31,12,8,7.9,7.4,14,62,18,8.1,6.4,-
Wijken,Prinses Irenebuurt e.o.,KN,2021,Housing,693,1821,-,-,-,-,492,201,-,29,71,-,48,31,172,434,8,-,6.9,4.5,24.8,62.6,1.2,1.99,5,0.7,5,2,-,-,23,3.3,76,110,88.1,922250,-,-,-,-,-,-,-,-,-,-,-,8.2,-,8.5,7.8,7.9,-,-,8.2,-,7.2,-,-,-,8.4,7.2,-
Wijken,Zuidas,KP,2021,Housing,2487,1209,2,-,14,116,449,1922,4.7,77.3,18.1,827,150,432,503,575,-,33.3,6,17.4,20.2,23.1,-,1.48,763,35.7,21,6.4,-,-,-,-,100,34,94.4,506300,-,-,-,-,-,-,-,-,-,-,-,8,-,-,8.4,7.9,-,-,8,7.8,8.3,35,48,9,8,6.1,-
Wijken,Buitenveldert-West,KQ,2021,Housing,7563,2668,3,22,62,1887,2853,2823,25,37.3,37.7,460,845,3118,1195,1910,35,6.1,11.2,41.2,15.8,25.3,0.5,1.79,366,5.3,269,16.5,10,1,635,8.4,68,1126,76.7,462984,969,3,33,13,17,22,11,3,28,32,7,7.9,7.5,8.2,7.4,7.3,26,8,8.1,7.9,7.4,11,65,20,8.1,6.4,1427
Wijken,Buitenveldert-Oost,KR,2021,Housing,4553,3045,-,-,8,1270,1429,1854,27.9,40.7,31.4,572,270,1804,781,1111,15,12.6,5.9,39.6,17.2,24.4,0.3,1.75,201,4.7,133,15.1,8,3,94,2.1,80,698,83.6,420874,923,8,37,7,27,25,12,3,31,34,7,7.7,6.9,7.7,7.4,7.1,32,23,7.6,7.7,7,8,66,18,7.6,6.1,1327
Wijken,Oostelijk Havengebied,MA,2021,Housing,9177,6076,4,242,10,2869,3567,2741,31.3,29.9,38.9,135,633,1916,3256,3216,21,1.5,6.9,20.9,35.5,35,0.2,2.04,293,3.3,256,9.6,7,2,-,-,83,380,83.2,525906,962,3,35,3,23,29,6,5,21,30,7,8.1,7.8,8.5,7.7,7.7,33,19,8.1,8.1,7.4,22,66,10,8.2,6.9,1485
Wijken,Weesperzijde,MB,2021,Housing,3023,8272,-,49,18,789,1081,1153,26.1,38.1,35.8,287,903,738,474,611,10,9.5,29.9,24.4,15.7,20.2,0.3,1.95,165,5.9,102,18.7,16,-,22,0.7,35,55,38.8,513452,851,12,39,6,19,26,13,-,25,-,8,8,7.9,8,7.6,7.5,40,-,8.1,7.9,7.6,23,60,13,8.1,6.9,-
Wijken,Oosterparkbuurt,MC,2021,Housing,6213,8626,-,1,64,3492,1496,1225,56.2,19.7,24.1,640,2241,1764,950,595,23,10.3,36.1,28.4,15.3,9.6,0.4,1.71,474,8.1,383,32.3,17,-,175,2.8,31,163,45.8,430518,668,16,60,5,10,49,11,7,9,28,7,7.5,7.2,7.6,7.1,7,37,-,7.7,7.6,7.5,21,55,17,7.9,6.2,-
Wijken,Transvaalbuurt,MD,2021,Housing,4726,12802,2,-,5,2772,1082,872,58.7,18.5,22.9,221,1803,1620,725,356,1,4.7,38.2,34.3,15.3,7.5,-,1.92,571,12.7,463,39,19,-,59,1.2,27,138,48,411506,664,16,61,8,8,53,8,6,10,27,7,7.3,7,7,6.8,6.8,43,-,7.2,7.3,7.5,29,52,16,7.7,6.4,-
Wijken,Dapperbuurt,ME,2021,Housing,5527,9332,-,1,13,3114,1378,1035,56.3,18.7,24.9,806,1425,1841,816,629,10,14.6,25.8,33.3,14.8,11.4,0.2,1.8,490,9.3,341,29.7,17,-,94,1.7,35,216,50.9,427750,757,9,51,8,14,47,4,9,13,28,7,7.7,7.4,7.9,7.6,7.1,36,-,7.6,7.3,7.4,22,56,17,7.8,6.5,-
Wijken,Indische Buurt-West,MF,2021,Housing,6705,14330,-,-,10,3599,1768,1338,53.7,20,26.4,517,2788,1858,1012,507,23,7.7,41.6,27.7,15.1,7.6,0.3,1.86,748,11.9,571,37,16,-,101,1.5,28,125,36.6,382339,712,9,53,7,11,44,9,8,10,29,7,7.6,7.4,7.5,7.3,7,34,-,7.8,7.6,7.6,22,62,12,7.9,6.5,-
Wijken,Indische Buurt-Oost,MG,2021,Housing,4959,5488,1,12,7,3243,1043,673,65.4,13.6,21,248,1638,1520,1203,349,1,5,33,30.7,24.3,7,-,1.95,564,11.9,476,37.2,19,-,337,6.8,34,216,54.5,386606,710,11,64,7,7,59,5,5,9,26,7,7.3,6.7,7.3,7.1,6.6,37,-,7.3,7.1,7.2,18,61,14,7.4,6.1,-
Wijken,Zeeburgereiland/Bovendiep,MH,2021,Housing,2942,1218,17,84,5,1092,567,1283,37.1,43.6,19.3,924,269,919,439,363,28,31.4,9.1,31.2,14.9,12.3,1,1.69,183,6.9,72,13.4,9,-,-,-,84,37,94.6,307537,775,25,49,8,24,34,15,3,28,30,7,7.9,7.7,-,8.2,8.1,43,-,7.3,7.6,8,49,40,6,7.4,6.7,-
Wijken,IJburg-West,MJ,2021,Housing,6274,5644,1,34,26,1968,2883,1423,31.4,22.7,46,254,320,590,1823,3285,2,4,5.1,9.4,29.1,52.4,-,2.5,247,4.1,224,7.4,10,-,23,0.4,95,209,98.6,518281,919,5,25,11,18,23,2,7,21,35,7,8,7,8.3,8,7.8,37,-,7.7,7.5,7.1,14,63,16,7.6,6.8,1216
Wijken,IJburg-Oost,MK,2021,Housing,9,9,1,-,-,-,9,-,-,-,100,-,-,-,-,9,-,-,-,-,-,100,-,7.89,-,-,-,-,-,-,-,-,100,-,-,-,-,-,-,-,-,-,-,-,-,-,-,-,-,-,-,-,-,-,-,-,-,-,-,-,-,-,-
Wijken,IJburg-Zuid,ML,2021,Housing,3097,4765,1,1,-,1030,1373,694,33.3,22.4,44.3,110,100,272,1108,1507,-,3.6,3.2,8.8,35.8,48.7,-,2.63,160,5.4,145,8.9,5,-,63,2,96,99,100,528947,-,2,30,8,18,29,1,4,21,-,7,8.3,7.6,-,8.3,8.1,36,-,7.9,7.1,7.5,8,51,37,7.9,6.8,-
Wijken,Frankendael,MM,2021,Housing,6153,3957,-,7,11,3039,1011,2103,49.4,34.2,16.4,1398,1849,1359,756,786,5,22.7,30.1,22.1,12.3,12.8,0.1,1.84,481,8.2,359,29.1,16,2,104,1.7,69,389,69,388634,765,12,61,6,17,49,12,1,23,28,7,7.7,7.3,8.3,7.2,7.1,38,8,8,7.7,7.2,17,66,13,7.9,6.4,1313
Wijken,Middenmeer,MN,2021,Housing,8026,2924,17,-,5,2625,2925,2476,32.7,30.8,36.4,1677,419,1965,1736,2224,5,20.9,5.2,24.5,21.6,27.7,0.1,1.93,558,7.3,216,10.3,12,7,-,-,55,311,52.8,489818,798,18,42,10,12,32,10,2,20,28,8,7.9,7.2,8.2,7.3,7.6,34,20,8.3,8.1,7.5,10,68,17,8.4,7,1326
Wijken,Betondorp,MP,2021,Housing,1957,1840,-,-,-,1556,328,73,79.5,3.7,16.8,151,665,958,127,56,-,7.7,34,49,6.5,2.9,-,1.6,178,9.8,153,37,18,-,36,1.8,64,199,67,361412,611,12,70,12,-,70,-,8,4,27,6,7.3,6.9,7.4,6.5,6.7,29,-,7.6,7.5,7.1,30,48,15,7.9,6.9,-
Wijken,Omval/Overamstel,MQ,2021,Housing,4007,1441,-,96,5,108,573,3326,2.7,83,14.3,2127,437,451,476,515,1,53.1,10.9,11.3,11.9,12.9,-,1.3,564,18.6,15,4.7,19,-,-,-,82,46,75,388308,987,3,30,26,29,1,28,1,54,32,7,7.9,-,8.5,8.4,8.2,49,-,7.7,7.5,8.2,39,43,11,7.7,6.3,1195
Wijken,Oostzanerwerf,NA,2021,Housing,3690,1507,47,73,5,1840,1638,212,49.9,5.7,44.4,6,343,961,1589,786,5,0.2,9.3,26,43.1,21.3,0.1,2.39,350,9.8,327,22.2,7,4,160,4.3,89,442,95.2,331292,625,2,44,5,-,40,4,5,-,26,7,8,7.5,8.2,7.5,7,21,4,7.4,7.4,6.9,15,58,25,7.8,6.5,-
Wijken,Noordelijke IJ-oevers-West,NB,2021,Housing,3270,1311,-,134,-,670,600,2000,20.5,61.2,18.3,948,776,447,498,599,2,29,23.7,13.7,15.2,18.3,0.1,1.77,93,3,46,10,13,-,-,-,81,43,79.2,349559,888,6,42,18,22,20,21,-,40,32,7,8,7.5,8.5,8.7,7.9,35,-,7.4,7.4,8.2,48,36,10,7.7,6.8,1203
Wijken,Tuindorp Oostzaan,NC,2021,Housing,5398,3435,-,77,25,3457,1711,230,64,4.3,31.7,330,1599,1808,814,847,-,6.1,29.6,33.5,15.1,15.7,-,2.22,775,14.7,678,34.2,13,10,73,1.4,83,587,87.5,330409,627,6,56,10,2,55,1,8,4,27,7,7.6,7.1,7.8,7.1,6.8,26,18,7.4,7.3,6.8,15,57,24,7.8,6.6,-
Wijken,Kadoelen,ND,2021,Housing,1347,1023,-,35,5,415,873,59,30.8,4.4,64.8,15,93,351,443,445,-,1.1,6.9,26.1,32.9,33,-,2.6,116,8.9,112,17.1,-,-,-,-,91,150,93.6,489730,-,-,-,-,-,-,-,-,-,-,-,8.2,-,8,7.8,7.2,-,-,7.9,7.6,7.3,22,51,23,8.2,7.1,-
Wijken,Banne Buiksloot,NE,2021,Housing,6260,3809,-,34,13,3811,1864,585,60.9,9.3,29.8,107,981,2173,2031,951,17,1.7,15.7,34.7,32.4,15.2,0.3,2.36,774,12.7,719,30,11,5,188,3,56,516,64.5,310640,676,6,57,6,7,55,2,5,8,31,7,7.5,6.9,7.9,7.2,6.7,37,18,6.8,6.8,6.5,23,51,20,7.1,6.1,-
Wijken,Nieuwendammerdijk/Buiksloterdijk,NF,2021,Housing,630,1791,2,10,-,5,574,54,0.3,8.6,91.1,13,38,108,137,329,5,2.1,6,17.1,21.7,52.2,0.8,2.65,59,9.9,53,18.3,-,-,-,-,89,73,93.4,709535,-,-,-,-,-,-,-,-,-,-,-,9,-,-,8.1,7.8,-,-,9.1,-,7.9,-,-,-,8.9,8.1,-
Wijken,Elzenhagen,NG,2021,Housing,1912,2440,-,1,5,975,638,299,51,15.6,33.4,546,111,289,222,744,-,28.6,5.8,15.1,11.6,38.9,-,2.01,125,7.9,30,5.1,31,-,-,-,84,72,97.2,349019,-,43,52,-,13,51,1,-,13,-,8,7.7,-,-,8,7.4,38,-,7.2,7.5,7,27,44,22,7.6,7.2,-
Wijken,Buikslotermeer,NH,2021,Housing,5304,3613,1,-,6,3131,1563,610,59,11.5,29.5,78,784,2298,1631,495,18,1.5,14.8,43.3,30.8,9.3,0.3,2.1,548,10.9,493,35,11,5,197,3.7,83,939,91.7,286977,686,4,54,10,7,52,2,7,10,29,7,7.7,7.4,7.9,7.3,6.7,29,10,7.1,6.9,6.9,22,45,29,7.4,6,-
Wijken,Waterlandpleinbuurt,NJ,2021,Housing,5753,4121,15,-,9,2921,1799,1033,50.8,18,31.3,191,739,2727,1244,831,21,3.3,12.8,47.4,21.6,14.4,0.4,2.35,933,16.9,872,38.5,14,3,241,4.2,58,448,73,301005,659,3,57,9,2,47,10,3,8,30,6,7.3,6.7,7.8,7.1,6.6,44,17,6.7,6.6,6.7,18,56,23,6.9,6,-
Wijken,Volewijck,NK,2021,Housing,4878,4149,-,41,8,3882,646,350,79.6,7.2,13.2,273,2233,1520,642,203,7,5.6,45.8,31.2,13.2,4.2,0.1,1.93,751,16.4,661,42.7,30,-,68,1.4,59,312,73.5,295698,553,27,82,2,4,78,3,1,5,26,7,6.9,6.6,7.3,6.3,6.2,36,-,7.1,7.2,6.8,13,61,22,7.3,6.2,-
Wijken,IJplein/Vogelbuurt,NL,2021,Housing,4152,3544,-,36,5,3012,797,343,72.5,8.3,19.2,293,1470,1121,950,312,6,7.1,35.4,27,22.9,7.5,0.1,1.95,490,12.4,422,37.5,14,7,15,0.4,40,177,50.3,327448,609,16,69,4,8,66,2,6,5,27,7,7.4,7,7.8,6.7,6.3,31,14,7.4,7.2,7.2,19,59,16,7.7,6.6,-
Wijken,Tuindorp Buiksloot,NM,2021,Housing,912,5412,-,-,-,727,168,17,79.7,1.9,18.4,39,395,411,41,26,-,4.3,43.3,45.1,4.5,2.9,-,2.08,231,26.4,210,65.2,-,-,26,2.9,93,120,100,317575,-,-,-,-,-,-,-,-,-,-,-,7.6,7.3,-,7.1,7.2,-,-,7.6,-,7.3,-,-,-,7.8,7,-
Wijken,Tuindorp Nieuwendam,NN,2021,Housing,1842,4319,-,3,-,1442,371,29,78.3,1.6,20.1,106,1105,533,68,29,1,5.8,60,28.9,3.7,1.6,0.1,1.88,343,19.3,330,58.7,10,10,160,8.7,94,289,95.7,328913,602,-,-,-,-,72,-,8,-,28,7,7.6,7.4,7.7,7,6.9,17,10,8,7.9,7.2,14,67,17,8.3,7.2,-
Wijken,Noordelijke IJ-oevers-Oost,NP,2021,Housing,197,287,-,-,5,-,24,173,-,87.8,12.2,120,3,24,21,28,1,60.9,1.5,12.2,10.7,14.2,0.5,1.24,13,11.4,5,40,-,-,-,-,37,-,-,281492,-,-,-,-,-,-,-,-,-,-,-,-,-,-,-,-,-,-,-,-,-,-,-,-,-,-,-
Wijken,Waterland,NQ,2021,Housing,897,37,4,107,5,35,698,164,3.9,18.3,77.8,31,87,161,157,453,8,3.5,9.7,17.9,17.5,50.5,0.9,2.69,79,9.6,61,16.6,4,-,3,0.3,92,131,90,767229,-,-,18,-,-,2,15,-,-,-,8,8.8,-,-,7.5,7.9,9,-,9,8.2,7.4,4,69,24,8.8,8,-
Wijken,Driemond,SA,2021,Housing,699,405,-,-,-,256,407,36,36.6,5.2,58.2,6,56,302,193,141,1,0.9,8,43.2,27.6,20.2,0.1,2.38,79,11.7,78,26,-,-,21,3,86,74,94.9,380838,-,-,-,-,-,-,-,-,-,-,-,8.3,-,-,7.7,7.1,-,-,7.8,7.7,6.8,17,66,14,8.5,7.3,-
Wijken,Amstel III/Bullewijk,TA,2021,Housing,396,82,-,5,6,-,6,390,-,98.5,1.5,354,27,4,1,9,1,89.4,6.8,1,0.3,2.3,0.3,3.92,16,4.2,5,57.1,-,-,-,-,99,5,66.7,114656,-,-,-,-,-,-,-,-,-,-,-,-,-,-,-,-,-,-,-,-,-,-,-,-,-,-,-
Wijken,Venserpolder,TB,2021,Housing,4536,5968,6,-,13,2747,1144,645,60.6,14.2,25.2,510,1414,1641,626,344,1,11.2,31.2,36.2,13.8,7.6,-,1.86,603,13.9,442,38.4,-,-,458,10.1,24,135,48.2,225290,-,-,-,-,-,-,-,-,-,-,-,6.9,6.6,7.2,6.9,6.5,-,-,6.5,6.5,6.7,21,49,24,6.8,5.7,-
Wijken,Amsterdamse Poort e.o.,TC,2021,Housing,4525,3187,1,-,8,1686,705,2134,37.3,47.2,15.6,2220,347,360,826,769,3,49.1,7.7,8,18.3,17,0.1,1.83,967,22.5,264,24.6,-,-,-,-,65,91,-,181435,-,-,-,-,-,-,-,-,-,-,-,7,6.9,-,7.1,6.6,-,-,6.3,6.2,6.7,23,43,28,6.4,5.8,-
Wijken,H-buurt,TD,2021,Housing,3709,4817,-,-,5,2483,359,867,66.9,23.4,9.7,546,319,969,1577,292,6,14.7,8.6,26.1,42.5,7.9,0.2,2.05,544,15.6,310,26.8,-,-,240,6.5,87,120,95.1,212926,-,-,-,-,-,-,-,-,-,-,-,6.8,7,7.7,6.5,6,-,-,6.7,6.4,7,24,54,16,7.1,6.1,-
Wijken,Ganzenhoef e.o.,TE,2021,Housing,3088,3959,-,-,5,1584,873,631,51.3,20.4,28.3,213,426,217,1064,1164,4,6.9,13.8,7,34.5,37.7,0.1,2.46,312,10.4,242,18.8,-,-,-,-,96,99,96.9,290164,-,-,-,-,-,-,-,-,-,-,-,7.2,6.3,-,6.9,6.3,-,-,6.7,7,6.7,19,66,11,7.1,5.9,-
Wijken,Geerdinkhof/Kantershof,TF,2021,Housing,3415,2511,-,-,5,1018,1939,458,29.8,13.4,56.8,6,510,764,801,1323,11,0.2,14.9,22.4,23.5,38.7,0.3,2.08,188,5.7,162,17.9,-,-,739,21.6,81,525,99.8,283305,-,-,-,-,-,-,-,-,-,-,-,8.3,8.2,8.9,7.8,7.5,-,-,7.8,7.6,7.4,22,57,16,8.1,6.7,-
Wijken,Bijlmermuseum,TG,2021,Housing,3610,5470,-,-,5,2430,410,770,67.3,21.3,11.4,240,332,1285,1159,585,9,6.6,9.2,35.6,32.1,16.2,0.2,2.14,401,11.6,339,27.5,-,-,-,-,89,176,-,218874,-,-,-,-,-,-,-,-,-,-,-,7.1,6.8,7.6,6.7,6.2,-,-,6.7,6.5,6.7,20,51,24,6.8,6,-
Wijken,K-buurt,TH,2021,Housing,3032,3407,-,-,5,1915,846,271,63.2,8.9,27.9,181,432,794,880,745,-,6,14.2,26.2,29,24.6,-,2.41,335,11.4,277,21.6,-,-,347,11.4,65,199,-,276515,-,-,-,-,-,-,-,-,-,-,-,7.5,7.4,7.8,7.3,6.9,-,-,7,7,7.1,22,51,19,7.4,6.3,-
Wijken,Holendrecht,TJ,2021,Housing,4297,3231,1,-,5,3242,822,233,75.4,5.4,19.1,26,577,1130,1969,562,33,0.6,13.4,26.3,45.8,13.1,0.8,2.22,429,10.3,406,23.5,-,-,606,14.1,48,413,75.5,253689,-,-,-,-,-,-,-,-,-,-,-,7.4,7,8,7,6.8,-,-,7,7,6.9,19,58,20,7.2,6.3,-
Wijken,Nellestein,TK,2021,Housing,1654,774,8,1,5,317,679,658,19.2,39.8,41.1,-,147,727,578,191,11,-,8.9,44,34.9,11.5,0.7,1.83,90,5.7,80,22.9,7,-,1,0.1,99,194,99,245468,-,6,39,15,9,19,20,-,24,-,7,7.7,-,7.6,6.8,7.1,20,-,7.9,7.6,7.2,11,67,18,7.9,6.4,-
Wijken,Reigersbos,TL,2021,Housing,4037,3230,-,-,8,2247,1383,407,55.7,10.1,34.3,197,618,1431,1307,473,11,4.9,15.3,35.4,32.4,11.7,0.3,2.1,411,10.6,347,26.4,-,-,355,8.8,45,253,66.1,259487,-,-,-,-,-,-,-,-,-,-,-,7.7,7.2,8,7.2,6.9,-,-,7.5,7.2,6.8,8,69,18,7.6,6.3,-
Wijken,Gein,TM,2021,Housing,5141,2827,-,-,76,2324,2065,752,45.2,14.6,40.2,320,565,2230,1594,431,1,6.2,11,43.4,31,8.4,-,2.18,657,13.4,580,31.1,9,4,354,6.9,58,283,76.9,263752,667,2,49,8,2,43,6,3,7,33,7,8,7.3,8.3,7.5,7.1,22,13,7.7,7.4,7.1,14,62,20,8,6.8,-
